"","Urgency","Crls"
"1","Urgent","0.276454978811121  -  0.290682008133972"
"NA","Chronic","0.447874237779815  -  0.464125806568668"
"3","Time-bound (non-urgent)","0.255268091878427  -  0.264295085705045"
