"","Platform","Crls"
"1","Population based","0.0148198140903797  -  0.0164205056504023"
"NA","Community","0.1099881576422  -  0.125473995482095"
"3","Health center","0.494518703143098  -  0.502110907532363"
"4","First-level hospital","0.305750340456202  -  0.31492467985408"
"5","Referral and speacialty hospitals","0.0545177034790813  -  0.0610527285034918"
